,Length,Ratio
0,$10^{0} - 10^{1}$,0.0
1,$10^{1} - 10^{2}$,0.0
2,$10^{2} - 10^{3}$,0.3602790549934445
3,$10^{3} - 10^{4}$,0.5853459890033224
4,$10^{4} - 10^{5}$,0.05437495600323314
5,$10^{5} - 10^{6}$,0.0
6,$10^{6} - 10^{7}$,0.0
7,$10^{7} - 10^{8}$,0.0
8,$10^{8} - 10^{9}$,0.0
9,$10^{9} - 10^{10}$,0.0
