sample	amplicon	feature	total_feature_entropy	decomp_entropy	Amp_nseg_entropy
GBM39	amplicon1	ecDNA_1	4.982675826266318	0.36755530942505815	4.61512051684126
GBM39	amplicon1	ecDNA_2	5.041174271600783	0.9807312610543635	4.060443010546419
GBM39	amplicon2	ecDNA_1	6.262255743291627	0.2534425578490324	6.008813185442595
