,Length,Ratio
0,$10^{2} - 10^{3}$,0.5239321742863275
1,$10^{3} - 10^{4}$,0.47435071903842024
2,$10^{4} - 10^{5}$,0.0017171066752522
3,$10^{0} - 10^{1}$,0.0
4,$10^{1} - 10^{2}$,0.0
5,$10^{5} - 10^{6}$,0.0
6,$10^{6} - 10^{7}$,0.0
7,$10^{7} - 10^{8}$,0.0
8,$10^{8} - 10^{9}$,0.0
9,$10^{9} - 10^{10}$,0.0
